{"network_json":"{\"layers\":[11,10,6,2],\"flatNeurons\":[0.023690490052103998,1.0,0.31935766339302065,0.0,0.12796705961227418,0.18250103294849397,0.9062230587005615,-0.1615343987941742,0.3429015874862671,0.03638136386871338,0.1791381984949112,0.46632012724876406,0.5805459022521973,0.48896530270576479,0.5820663571357727,0.40132075548171999,0.20359735190868379,0.5788646936416626,0.48067420721054079,0.5826020836830139,0.7349857687950134,0.38064348697662356,0.816787600517273,0.231690913438797,0.3702850043773651,0.8642289042472839,0.5418059825897217,0.6713201999664307,0.5182750821113586],\"weights\":{\"data\":[-0.39984530210494997,-0.6902915239334106,-0.5167494416236877,-0.6041464805603027,0.08014726638793946,-0.5958232879638672,0.6263333559036255,0.18910348415374757,0.5093448162078857,-0.7437891364097595,0.8021974563598633,0.7225568294525147,0.9974747896194458,-0.49613940715789797,0.13134825229644776,-0.5868863463401794,-0.07159024477005005,-0.6103931665420532,0.9151403903961182,0.6489248275756836,0.460199236869812,0.10469329357147217,0.880425214767456,0.09007883071899414,-0.45243775844573977,-0.5654526948928833,-0.6810296773910523,0.42152905464172366,-0.21802479028701783,0.0672910213470459,0.6515945196151733,-0.8248002529144287,0.08178186416625977,-0.1644689440727234,0.1319054365158081,0.025480031967163087,-0.282905638217926,-0.4595937132835388,0.6058032512664795,-0.13852077722549439,-0.84482741355896,0.5736380815505981,0.7053121328353882,-0.5020195841789246,-0.7813654541969299,-0.9495018720626831,-0.32275646924972536,-0.2890471816062927,0.44091832637786868,-0.9849115610122681,0.7869449853897095,-0.7688990235328674,-0.6103766560554504,0.9155895709991455,0.7429137229919434,0.49546146392822268,-0.5707167983055115,0.39317166805267336,0.848291277885437,-0.35440003871917727,-0.9147936105728149,-0.7951957583427429,-0.5928716659545898,-0.5579462051391602,-0.3953835964202881,0.626997709274292,-0.35922491550445559,0.16194367408752442,0.37195515632629397,-0.8941318392753601,0.6960192918777466,-0.6119965314865112,-0.2161964774131775,0.05366110801696777,0.49375224113464358,0.8865610361099243,0.399381160736084,0.3824448585510254,-0.12855571508407594,-0.5029358863830566,0.7573037147521973,0.6080174446105957,0.980610728263855,-0.23311322927474976,0.2803460359573364,0.420493483543396,0.785576343536377,0.1661921739578247,0.09261739253997803,0.6364439725875855,-0.40380316972732546,0.32392263412475588,-0.30788493156433108,-0.039796650409698489,-0.22372710704803468,0.9503682851791382,0.16650986671447755,0.26325833797454836,0.8933640718460083,-0.4083631634712219,0.40972304344177248,0.5152997970581055,0.3389977216720581,0.335050106048584,-0.6809308528900147,0.39894139766693118,0.44729745388031008,0.335962176322937,-0.578162670135498,0.8563525676727295,-0.9039196968078613,0.04683840274810791,-0.47827261686325076,0.3512270450592041,-0.11170375347137451,-0.5228111743927002,-0.7758065462112427,0.6402415037155151,0.16170763969421388,0.18412280082702638,0.841421365737915,0.4745829105377197,-0.9306736588478088,0.735511064529419,0.5096713304519653,-0.6279033422470093,0.6958884000778198,0.823600172996521,-0.7226117253303528,0.5433839559555054,-0.27994877099990847,-0.8638771772384644,0.4890807867050171,-0.720192551612854,0.0873410701751709,-0.7579960823059082,-0.7309802174568176,-0.354439377784729,-0.5521824359893799,0.8814046382904053,0.9731961488723755,-0.5503858327865601,-0.25564515590667727,0.23626470565795899,0.5403636693954468,0.5493584871292114,-0.1978047490119934,0.3408879041671753,-0.928092896938324,-0.7009159922599793,0.7261748313903809,0.5262683629989624,-0.8984493613243103,-0.29075878858566286,-0.2497844696044922,0.9351401329040527,0.4459735155105591,0.6034866571426392,0.8253787755966187,0.9469724893569946,0.7030529975891113,0.6236972808837891,0.05857396125793457,-0.12154662609100342,0.13630139827728272,0.959957480430603,0.5577574968338013,-0.7580800652503967,-0.736113965511322,-0.3537076711654663,-0.7918308973312378,0.5786328315734863,0.19242393970489503,0.2803030014038086,0.21092677116394044,0.3918071985244751,-0.269771933555603,-0.1669384241104126,-0.8048526048660278,0.9603128433227539,0.5699013471603394,-0.6449995040893555],\"dimensions\":[3,10,11,6,10,2,6]},\"fitness\":148.66952514648438}","saved_generation":1,"best_fitness":148.66952514648438,"best_distance":4.759145736694336,"total_successes":14,"save_date":"2025-04-19 10:59:35"}